TIME,CH2,Model,TBS2074B
-1.06E+00,-0.0012,,
-1.05E+00,-0.0004,,
-1.04E+00,0,,
-1.03E+00,-0.0008,,
-1.02E+00,0,,
-1.02E+00,-0.0012,,
-1.01E+00,-0.0004,,
-1.00E+00,0,,
-9.92E-01,0,,
-9.84E-01,-0.0012,,
-9.76E-01,-0.0004,,
-9.68E-01,0.0004,,
-9.60E-01,-0.0008,,
-9.52E-01,-0.0012,,
-9.44E-01,0.0008,,
-9.36E-01,-0.0004,,
-9.28E-01,-0.0008,,
-9.20E-01,0,,
-9.12E-01,0,,
-9.04E-01,-0.0012,,
-8.96E-01,0.0008,,
-8.88E-01,-0.0004,,
-8.80E-01,-0.0004,,
-8.72E-01,-0.0004,,
-8.64E-01,0.0004,,
-8.56E-01,0.0004,,
-8.48E-01,-0.0012,,
-8.40E-01,-0.0004,,
-8.32E-01,-0.0004,,
-8.24E-01,0,,
-8.16E-01,0,,
-8.08E-01,0.0004,,
-8.00E-01,0,,
-7.92E-01,0.0008,,
-7.84E-01,0.0004,,
-7.76E-01,-0.0004,,
-7.68E-01,-0.0008,,
-7.60E-01,-0.0004,,
-7.52E-01,-0.0004,,
-7.44E-01,-0.0012,,
-7.36E-01,-0.0008,,
-7.28E-01,-0.004,,
-7.20E-01,-0.0116,,
-7.12E-01,0.0008,,
-7.04E-01,0.0136,,
-6.96E-01,0.0056,,
-6.88E-01,-0.012,,
-6.80E-01,-0.002,,
-6.72E-01,0.0144,,
-6.64E-01,0.0132,,
-6.56E-01,-0.0016,,
-6.48E-01,-0.0112,,
-6.40E-01,-0.0108,,
-6.32E-01,-0.0048,,
-6.24E-01,0.004,,
-6.16E-01,0.006,,
-6.08E-01,0.004,,
-6.00E-01,-0.01,,
-5.92E-01,0.0048,,
-5.84E-01,0.002,,
-5.76E-01,-0.012,,
-5.68E-01,-0.0188,,
-5.60E-01,0.0152,,
-5.52E-01,-0.0108,,
-5.44E-01,-0.0036,,
-5.36E-01,0.012,,
-5.28E-01,-0.028,,
-5.20E-01,0.0144,,
-5.12E-01,-0.0116,,
-5.04E-01,0.0052,,
-4.96E-01,-0.0208,,
-4.88E-01,0.0024,,
-4.80E-01,0.0228,,
-4.72E-01,-0.018,,
-4.64E-01,0,,
-4.56E-01,-0.002,,
-4.48E-01,-0.0032,,
-4.40E-01,0,,
-4.32E-01,0.0008,,
-4.24E-01,0,,
-4.16E-01,0,,
-4.08E-01,-0.002,,
-4.00E-01,-0.0012,,
-3.92E-01,0.0004,,
-3.84E-01,-0.0028,,
-3.76E-01,0,,
-3.68E-01,-0.0012,,
-3.60E-01,-0.0004,,
-3.52E-01,0.0012,,
-3.44E-01,0.0004,,
-3.36E-01,0.0004,,
-3.28E-01,-0.0008,,
-3.20E-01,0.0004,,
-3.12E-01,-0.0012,,
-3.04E-01,-0.0004,,
-2.96E-01,-0.0008,,
-2.88E-01,0.0004,,
-2.80E-01,-0.0004,,
-2.72E-01,-0.0008,,
-2.64E-01,-0.0004,,
-2.56E-01,-0.0012,,
-2.48E-01,0,,
-2.40E-01,-0.0064,,
-2.32E-01,-0.0016,,
-2.24E-01,0.0056,,
-2.16E-01,-0.0024,,
-2.08E-01,0.0012,,
-2.00E-01,0.0104,,
-1.92E-01,-0.0188,,
-1.84E-01,0.0016,,
-1.76E-01,-0.012,,
-1.68E-01,0.0052,,
-1.60E-01,-0.0032,,
-1.52E-01,0.0012,,
-1.44E-01,-0.0012,,
-1.36E-01,-0.0016,,
-1.28E-01,-0.0008,,
-1.20E-01,0.0004,,
-1.12E-01,-0.0004,,
-1.04E-01,-0.0008,,
-9.60E-02,0.0004,,
-8.80E-02,-0.0004,,
-8.00E-02,-0.0004,,
-7.20E-02,0.0004,,
-6.40E-02,-0.0004,,
-5.60E-02,-0.0004,,
-4.80E-02,-0.0004,,
-4.00E-02,-0.0004,,
-3.20E-02,-0.0056,,
-2.40E-02,0.0116,,
-1.60E-02,0.0064,,
-8.00E-03,-0.004,,
7.05E-15,-0.008,,
8.00E-03,0.0032,,
1.60E-02,0.0108,,
2.40E-02,-0.0132,,
3.20E-02,0.018,,
4.00E-02,-0.006,,
4.80E-02,0.0048,,
5.60E-02,0.02,,
6.40E-02,-0.0116,,
7.20E-02,-0.0024,,
8.00E-02,-0.006,,
8.80E-02,-0.0004,,
9.60E-02,-0.0012,,
1.04E-01,0.0144,,
1.12E-01,-0.0016,,
1.20E-01,-0.0132,,
1.28E-01,0.0088,,
1.36E-01,-0.0024,,
1.44E-01,-0.012,,
1.52E-01,0.0132,,
1.60E-01,0.0076,,
1.68E-01,-0.016,,
1.76E-01,0.0052,,
1.84E-01,-0.0028,,
1.92E-01,-0.004,,
2.00E-01,0.0168,,
2.08E-01,-0.004,,
2.16E-01,-0.0108,,
2.24E-01,0.004,,
2.32E-01,0.0016,,
2.40E-01,-0.0024,,
2.48E-01,0.0004,,
2.56E-01,-0.0012,,
2.64E-01,-0.002,,
2.72E-01,0,,
2.80E-01,-0.0012,,
2.88E-01,0.0004,,
2.96E-01,0.0016,,
3.04E-01,-0.0012,,
3.12E-01,-0.0008,,
3.20E-01,-0.0012,,
3.28E-01,-0.0012,,
3.36E-01,0.0004,,
3.44E-01,-0.0004,,
3.52E-01,-0.0012,,
3.60E-01,0.0008,,
3.68E-01,-0.0008,,
3.76E-01,-0.0008,,
3.84E-01,0.0012,,
3.92E-01,-0.004,,
4.00E-01,0.0024,,
4.08E-01,-0.0032,,
4.16E-01,0.0056,,
4.24E-01,-0.0028,,
4.32E-01,-0.0136,,
4.40E-01,0.0132,,
4.48E-01,0.01,,
4.56E-01,-0.0164,,
4.64E-01,-0.006,,
4.72E-01,0.0112,,
4.80E-01,0.0052,,
4.88E-01,-0.0092,,
4.96E-01,-0.0072,,
5.04E-01,0.0016,,
5.12E-01,0.0004,,
5.20E-01,-0.0012,,
5.28E-01,-0.0024,,
5.36E-01,0.0024,,
5.44E-01,-0.0004,,
5.52E-01,-0.002,,
5.60E-01,0,,
5.68E-01,-0.0016,,
5.76E-01,-0.0032,,
5.84E-01,0,,
5.92E-01,-0.0016,,
6.00E-01,0,,
6.08E-01,0.0004,,
6.16E-01,0.0004,,
6.24E-01,0,,
6.32E-01,-0.0016,,
6.40E-01,0.0004,,
6.48E-01,-0.0004,,
6.56E-01,0.0008,,
6.64E-01,0,,
6.72E-01,0.0004,,
6.80E-01,-0.0004,,
6.88E-01,0,,
6.96E-01,0.0004,,
7.04E-01,0.002,,
7.12E-01,-0.0032,,
7.20E-01,-0.0036,,
7.28E-01,-0.0036,,
7.36E-01,-0.008,,
7.44E-01,-0.0008,,
7.52E-01,0.0004,,
7.60E-01,-0.0012,,
7.68E-01,0.0012,,
7.76E-01,0.0004,,
7.84E-01,-0.0008,,
7.92E-01,-0.0016,,
8.00E-01,-0.0008,,
8.08E-01,0.0004,,
8.16E-01,-0.0004,,
8.24E-01,0.0004,,
8.32E-01,0,,
8.40E-01,-0.0012,,
8.48E-01,-0.0004,,
8.56E-01,0.0004,,
8.64E-01,-0.0008,,
8.72E-01,-0.0004,,
8.80E-01,0,,
8.88E-01,0,,
8.96E-01,0.0004,,
9.04E-01,-0.0016,,
9.12E-01,0,,
9.20E-01,-0.0004,,
9.28E-01,-0.0004,,
9.36E-01,-0.0012,,
9.44E-01,-0.0008,,
9.52E-01,0.0004,,
9.60E-01,-0.0004,,
9.68E-01,-0.0004,,
9.76E-01,-0.0004,,
9.84E-01,0.0008,,
9.92E-01,-0.0004,,
1.00E+00,0.0004,,
1.01E+00,0.0004,,
1.02E+00,0.0016,,
1.02E+00,-0.0132,,
1.03E+00,0.0248,,
1.04E+00,-0.018,,
1.05E+00,0.0032,,
1.06E+00,-0.0012,,
1.06E+00,0.0024,,
1.07E+00,-0.0028,,
1.08E+00,-0.0016,,
1.09E+00,0.0028,,
1.10E+00,0.0024,,
1.10E+00,-0.0028,,
1.11E+00,0,,
1.12E+00,-0.0012,,
1.13E+00,0.0004,,
1.14E+00,-0.0004,,
1.14E+00,0,,
1.15E+00,0.0008,,
1.16E+00,-0.0012,,
1.17E+00,-0.0008,,
1.18E+00,-0.0012,,
1.18E+00,0.0008,,
1.19E+00,-0.0004,,
1.20E+00,0.0004,,
1.21E+00,0.0004,,
1.22E+00,-0.0008,,
1.22E+00,-0.0004,,
1.23E+00,0.0004,,
1.24E+00,0,,
1.25E+00,-0.0008,,
1.26E+00,-0.0004,,
1.26E+00,0,,
1.27E+00,-0.0004,,
1.28E+00,0.0004,,
1.29E+00,0,,
1.30E+00,0.0004,,
1.30E+00,-0.0004,,
1.31E+00,0,,
1.32E+00,0.0004,,
1.33E+00,-0.0004,,
1.34E+00,-0.0004,,
1.34E+00,0.0008,,
1.35E+00,-0.0012,,
1.36E+00,-0.0004,,
1.37E+00,0,,
1.38E+00,-0.0004,,
1.38E+00,-0.0004,,
1.39E+00,0,,
1.40E+00,0.0008,,
1.41E+00,-0.0004,,
1.42E+00,0.0176,,
1.42E+00,-0.0144,,
1.43E+00,-0.0032,,
1.44E+00,0.0108,,
1.45E+00,-0.0068,,
1.46E+00,-0.0128,,
1.46E+00,0.0068,,
1.47E+00,0.0176,,
1.48E+00,0.006,,
1.49E+00,-0.0084,,
1.50E+00,-0.0144,,
1.50E+00,-0.0108,,
1.51E+00,-0.0068,,
1.52E+00,-0.0028,,
1.53E+00,0.0008,,
1.54E+00,-0.0008,,
1.54E+00,-0.0008,,
1.55E+00,0.0004,,
1.56E+00,0.0008,,
1.57E+00,0,,
1.58E+00,-0.0016,,
1.58E+00,-0.0012,,
1.59E+00,-0.0008,,
1.60E+00,0,,
1.61E+00,0.0012,,
1.62E+00,0.0016,,
1.62E+00,0.0012,,
1.63E+00,-0.0004,,
1.64E+00,-0.0004,,
1.65E+00,-0.0008,,
1.66E+00,-0.0012,,
1.66E+00,-0.0004,,
1.67E+00,-0.0012,,
1.68E+00,0.0168,,
1.69E+00,-0.0148,,
1.70E+00,0.0024,,
1.70E+00,0.0028,,
1.71E+00,-0.0024,,
1.72E+00,-0.0004,,
1.73E+00,0.0044,,
1.74E+00,-0.0012,,
1.74E+00,0.0004,,
1.75E+00,0.0048,,
1.76E+00,-0.0076,,
1.77E+00,-0.0004,,
1.78E+00,-0.0036,,
1.78E+00,-0.0064,,
1.79E+00,0.0004,,
1.80E+00,0,,
1.81E+00,0.0004,,
1.82E+00,-0.0008,,
1.82E+00,-0.0012,,
1.83E+00,0.0004,,
1.84E+00,-0.0004,,
1.85E+00,-0.0004,,
1.86E+00,-0.0012,,
1.86E+00,0.0004,,
1.87E+00,-0.0004,,
1.88E+00,-0.0004,,
1.89E+00,-0.0012,,
1.90E+00,0,,
1.90E+00,0.0004,,
1.91E+00,0,,
1.92E+00,0,,
1.93E+00,-0.0012,,
1.94E+00,0.0004,,
1.94E+00,-0.0008,,
1.95E+00,-0.0004,,
1.96E+00,0.0004,,
1.97E+00,0,,
1.98E+00,-0.0008,,
1.98E+00,-0.0004,,
1.99E+00,0,,
2.00E+00,0.0008,,
2.01E+00,0.0004,,
2.02E+00,-0.0004,,
2.02E+00,-0.0012,,
2.03E+00,0.0008,,
2.04E+00,0,,
2.05E+00,0,,
2.06E+00,-0.0008,,
2.06E+00,-0.0004,,
2.07E+00,-0.0008,,
2.08E+00,-0.0012,,
2.09E+00,0.0004,,
2.10E+00,-0.0012,,
2.10E+00,-0.0004,,
2.11E+00,0,,
2.12E+00,0,,
2.13E+00,0.0008,,
2.14E+00,0.0004,,
2.14E+00,0,,
2.15E+00,0.0004,,
2.16E+00,0,,
2.17E+00,0,,
2.18E+00,0,,
2.18E+00,-0.0004,,
2.19E+00,0.0004,,
2.20E+00,-0.0012,,
2.21E+00,0.0004,,
2.22E+00,0,,
2.22E+00,-0.0008,,
2.23E+00,0,,
2.24E+00,-0.0008,,
2.25E+00,-0.0008,,
2.26E+00,0.0004,,
2.26E+00,-0.0004,,
2.27E+00,-0.0008,,
2.28E+00,-0.0008,,
2.29E+00,-0.0008,,
2.30E+00,0,,
2.30E+00,-0.0004,,
2.31E+00,0.0008,,
2.32E+00,0,,
2.33E+00,-0.0008,,
2.34E+00,-0.0008,,
2.34E+00,0,,
2.35E+00,0,,
2.36E+00,0,,
2.37E+00,-0.0004,,
2.38E+00,-0.0004,,
2.38E+00,-0.0008,,
2.39E+00,0.0016,,
2.40E+00,-0.0004,,
2.41E+00,0,,
2.42E+00,-0.0004,,
2.42E+00,-0.0008,,
2.43E+00,0,,
2.44E+00,0,,
2.45E+00,-0.0008,,
2.46E+00,0,,
2.46E+00,-0.0004,,
2.47E+00,-0.0012,,
2.48E+00,-0.0008,,
2.49E+00,-0.0004,,
2.50E+00,-0.0008,,
2.50E+00,-0.0004,,
2.51E+00,-0.0008,,
2.52E+00,0,,
2.53E+00,-0.0004,,
2.54E+00,-0.0004,,
2.54E+00,-0.0004,,
2.55E+00,-0.0004,,
2.56E+00,0,,
2.57E+00,-0.0004,,
2.58E+00,-0.0012,,
2.58E+00,0,,
2.59E+00,-0.0008,,
2.60E+00,-0.0008,,
2.61E+00,0.0004,,
2.62E+00,-0.0004,,
2.62E+00,-0.002,,
2.63E+00,-0.0004,,
2.64E+00,0,,
2.65E+00,0,,
2.66E+00,-0.0008,,
2.66E+00,-0.0004,,
2.67E+00,-0.0004,,
2.68E+00,-0.0004,,
2.69E+00,0.0004,,
2.70E+00,-0.0008,,
2.70E+00,-0.0004,,
2.71E+00,0.0004,,
2.72E+00,-0.0008,,
2.73E+00,0.0004,,
2.74E+00,-0.0008,,
2.74E+00,0.0004,,
2.75E+00,-0.0008,,
2.76E+00,0,,
2.77E+00,-0.0008,,
2.78E+00,0.0004,,
2.78E+00,0.0004,,
2.79E+00,0.0004,,
2.80E+00,-0.0008,,
2.81E+00,-0.0004,,
2.82E+00,-0.0004,,
2.82E+00,-0.0004,,
2.83E+00,-0.0004,,
2.84E+00,-0.0004,,
2.85E+00,-0.0004,,
2.86E+00,-0.0004,,
2.86E+00,-0.0012,,
2.87E+00,0,,
2.88E+00,0,,
2.89E+00,-0.0004,,
2.90E+00,-0.0004,,
2.90E+00,-0.0008,,
2.91E+00,0,,
2.92E+00,0.0004,,
2.93E+00,-0.0016,,
2.94E+00,-0.0004,,
2.94E+00,0.0004,,
2.95E+00,0.0008,,
2.96E+00,0.0104,,
2.97E+00,0.0052,,
2.98E+00,-0.0068,,
2.98E+00,-0.0132,,
2.99E+00,-0.0104,,
3.00E+00,-0.0036,,
3.01E+00,-0.0076,,
3.02E+00,-0.0048,,
3.02E+00,-0.0036,,
3.03E+00,-0.0028,,
3.04E+00,-0.0024,,
3.05E+00,-0.0024,,
3.06E+00,-0.0004,,
3.06E+00,-0.0028,,
3.07E+00,0.0004,,
3.08E+00,-0.0012,,
3.09E+00,-0.0012,,
3.10E+00,-0.0016,,
3.10E+00,0.0096,,
3.11E+00,-0.0188,,
3.12E+00,0.0164,,
3.13E+00,-0.002,,
3.14E+00,0.0128,,
3.14E+00,-0.0176,,
3.15E+00,0.0068,,
3.16E+00,0.0012,,
3.17E+00,0.02,,
3.18E+00,0.0076,,
3.18E+00,0.0148,,
3.19E+00,0.0192,,
3.20E+00,0.0208,,
3.21E+00,-0.0172,,
3.22E+00,0.002,,
3.22E+00,0.0024,,
3.23E+00,-0.0176,,
3.24E+00,0.0028,,
3.25E+00,0.0116,,
3.26E+00,-0.0164,,
3.26E+00,0.0036,,
3.27E+00,-0.0048,,
3.28E+00,-0.0004,,
3.29E+00,0,,
3.30E+00,0.0004,,
3.30E+00,0.0008,,
3.31E+00,-0.0012,,
3.32E+00,-0.0008,,
3.33E+00,-0.0012,,
3.34E+00,-0.0016,,
3.34E+00,-0.0012,,
3.35E+00,0.0008,,
3.36E+00,-0.0008,,
3.37E+00,0.0008,,
3.38E+00,-0.0008,,
3.38E+00,-0.0024,,
3.39E+00,-0.0008,,
3.40E+00,-0.0012,,
3.41E+00,-0.0008,,
3.42E+00,0,,
3.42E+00,-0.0004,,
3.43E+00,0,,
3.44E+00,-0.0008,,
3.45E+00,-0.0008,,
3.46E+00,0,,
3.46E+00,-0.0024,,
3.47E+00,0.004,,
3.48E+00,-0.0068,,
3.49E+00,-0.0068,,
3.50E+00,0.004,,
3.50E+00,0.0128,,
3.51E+00,-0.002,,
3.52E+00,-0.0128,,
3.53E+00,0.0004,,
3.54E+00,0.0084,,
3.54E+00,-0.0156,,
3.55E+00,0.0016,,
3.56E+00,0.0172,,
3.57E+00,0.0072,,
3.58E+00,0.0012,,
3.58E+00,-0.0004,,
3.59E+00,-0.0052,,
3.60E+00,-0.0052,,
3.61E+00,-0.0076,,
3.62E+00,-0.0056,,
3.62E+00,-0.004,,
3.63E+00,-0.0012,,
3.64E+00,0.0008,,
3.65E+00,0.0012,,
3.66E+00,0.002,,
3.66E+00,0.0012,,
3.67E+00,-0.0012,,
3.68E+00,-0.0012,,
3.69E+00,-0.0008,,
3.70E+00,0,,
3.70E+00,0.0008,,
3.71E+00,0,,
3.72E+00,-0.0004,,
3.73E+00,-0.0004,,
3.74E+00,0,,
3.74E+00,-0.0008,,
3.75E+00,0,,
3.76E+00,-0.0004,,
3.77E+00,0.0004,,
3.78E+00,0,,
3.78E+00,-0.0008,,
3.79E+00,0,,
3.80E+00,-0.0004,,
3.81E+00,-0.0008,,
3.82E+00,-0.0008,,
3.82E+00,0.0004,,
3.83E+00,-0.0004,,
3.84E+00,0,,
3.85E+00,0,,
3.86E+00,-0.0008,,
3.86E+00,0.0004,,
3.87E+00,-0.0004,,
3.88E+00,-0.0004,,
3.89E+00,-0.0004,,
3.90E+00,0.0004,,
3.90E+00,0.0096,,
3.91E+00,-0.004,,
3.92E+00,0.0092,,
3.93E+00,-0.0052,,
3.94E+00,0.0044,,
3.94E+00,0.0012,,
3.95E+00,0.0048,,
3.96E+00,-0.0012,,
3.97E+00,0.0084,,
3.98E+00,-0.002,,
3.98E+00,-0.0112,,
3.99E+00,0.0096,,
4.00E+00,-0.0064,,
4.01E+00,-0.0096,,
4.02E+00,0.0044,,
4.02E+00,-0.0128,,
4.03E+00,0.0076,,
4.04E+00,0.002,,
4.05E+00,-0.0024,,
4.06E+00,0.0012,,
4.06E+00,-0.0016,,
4.07E+00,0.0012,,
4.08E+00,0.0004,,
4.09E+00,0,,
4.10E+00,-0.0004,,
4.10E+00,0.0004,,
4.11E+00,0.0008,,
4.12E+00,-0.0004,,
4.13E+00,-0.0004,,
4.14E+00,-0.0008,,
4.14E+00,-0.0008,,
4.15E+00,-0.0016,,
4.16E+00,0.0004,,
4.17E+00,-0.0048,,
4.18E+00,-0.0032,,
4.18E+00,0.0008,,
4.19E+00,0.0072,,
4.20E+00,-0.0056,,
4.21E+00,0,,
4.22E+00,-0.0044,,
4.22E+00,0.0032,,
4.23E+00,0.0048,,
4.24E+00,-0.0056,,
4.25E+00,-0.0016,,
4.26E+00,0.0148,,
4.26E+00,-0.008,,
4.27E+00,-0.0048,,
4.28E+00,0.01,,
4.29E+00,0.0084,,
4.30E+00,-0.0012,,
4.30E+00,-0.0072,,
4.31E+00,-0.012,,
4.32E+00,-0.002,,
4.33E+00,0.0072,,
4.34E+00,-0.0076,,
4.34E+00,-0.0072,,
4.35E+00,0.012,,
4.36E+00,0.0112,,
4.37E+00,0.0004,,
4.38E+00,-0.0088,,
4.38E+00,-0.0048,,
4.39E+00,0.0044,,
4.40E+00,0.0044,,
4.41E+00,-0.0112,,
4.42E+00,-0.0028,,
4.42E+00,0.0164,,
4.43E+00,-0.0052,,
4.44E+00,-0.0072,,
4.45E+00,0.0052,,
4.46E+00,-0.0076,,
4.46E+00,0,,
4.47E+00,0,,
4.48E+00,0.0012,,
4.49E+00,-0.0004,,
4.50E+00,-0.0004,,
4.50E+00,-0.0004,,
4.51E+00,-0.0008,,
4.52E+00,0.0008,,
4.53E+00,0,,
4.54E+00,-0.0008,,
4.54E+00,-0.0012,,
4.55E+00,-0.0008,,
4.56E+00,0.0004,,
4.57E+00,-0.0008,,
4.58E+00,0,,
4.58E+00,0.0012,,
4.59E+00,0.0004,,
4.60E+00,0,,
4.61E+00,-0.0008,,
4.62E+00,-0.0004,,
4.62E+00,-0.0008,,
4.63E+00,0,,
4.64E+00,-0.0004,,
4.65E+00,0.0024,,
4.66E+00,0.0008,,
4.66E+00,-0.0004,,
4.67E+00,-0.0008,,
4.68E+00,0.0004,,
4.69E+00,0,,
4.70E+00,-0.0008,,
4.70E+00,0.0004,,
4.71E+00,0,,
4.72E+00,-0.0016,,
4.73E+00,0,,
4.74E+00,0,,
4.74E+00,0,,
4.75E+00,0,,
4.76E+00,-0.0008,,
4.77E+00,-0.0004,,
4.78E+00,-0.0008,,
4.78E+00,-0.0008,,
4.79E+00,-0.0004,,
4.80E+00,0,,
4.81E+00,-0.0004,,
4.82E+00,0.0004,,
4.82E+00,0.0008,,
4.83E+00,-0.0004,,
4.84E+00,-0.0004,,
4.85E+00,0.0004,,
4.86E+00,-0.0004,,
4.86E+00,0,,
4.87E+00,-0.0008,,
4.88E+00,-0.0016,,
4.89E+00,0.0008,,
4.90E+00,0.0016,,
4.90E+00,-0.0008,,
4.91E+00,0,,
4.92E+00,-0.0012,,
4.93E+00,0.0004,,
4.94E+00,-0.0012,,
4.94E+00,0,,
4.95E+00,-0.0004,,
4.96E+00,-0.0012,,
4.97E+00,-0.004,,
4.98E+00,0.0016,,
4.98E+00,0.0024,,
4.99E+00,-0.004,,
5.00E+00,-0.0088,,
5.01E+00,-0.0016,,
5.02E+00,0.0056,,
5.02E+00,0.0068,,
5.03E+00,0.0056,,
5.04E+00,0.0008,,
5.05E+00,-0.0036,,
5.06E+00,-0.0052,,
5.06E+00,-0.006,,
5.07E+00,-0.0068,,
5.08E+00,-0.0052,,
5.09E+00,-0.0016,,
5.10E+00,0.0008,,
5.10E+00,0.0096,,
5.11E+00,0.0124,,
5.12E+00,0.0108,,
5.13E+00,0.0088,,
5.14E+00,0.0088,,
5.14E+00,0.008,,
5.15E+00,0.0092,,
5.16E+00,0.0088,,
5.17E+00,0.0092,,
5.18E+00,0.0096,,
5.18E+00,0.0088,,
5.19E+00,0.0084,,
5.20E+00,0.0096,,
5.21E+00,0.01,,
5.22E+00,0.0084,,
5.22E+00,0.0004,,
5.23E+00,-0.0096,,
5.24E+00,-0.0104,,
5.25E+00,-0.0032,,
5.26E+00,0.0024,,
5.26E+00,0.0056,,
5.27E+00,0.0072,,
5.28E+00,-0.0008,,
5.29E+00,-0.008,,
5.30E+00,-0.0004,,
5.30E+00,-0.0032,,
5.31E+00,-0.0004,,
5.32E+00,0.0004,,
5.33E+00,0.0004,,
5.34E+00,0.0008,,
5.34E+00,0.0004,,
5.35E+00,0.0004,,
5.36E+00,0.0004,,
5.37E+00,-0.0008,,
5.38E+00,0.0012,,
5.38E+00,-0.0008,,
5.39E+00,-0.0004,,
5.40E+00,0.0004,,
5.41E+00,0.002,,
5.42E+00,0,,
5.42E+00,-0.0004,,
5.43E+00,0,,
5.44E+00,0.0004,,
5.45E+00,-0.0004,,
5.46E+00,-0.0012,,
5.46E+00,-0.0012,,
5.47E+00,0,,
5.48E+00,0.0004,,
5.49E+00,-0.006,,
5.50E+00,-0.0008,,
5.50E+00,0.0064,,
5.51E+00,-0.0072,,
5.52E+00,0,,
5.53E+00,0,,
5.54E+00,-0.0068,,
5.54E+00,0.0048,,
5.55E+00,-0.004,,
5.56E+00,0.004,,
5.57E+00,-0.0048,,
5.58E+00,0.0024,,
5.58E+00,-0.002,,
5.59E+00,-0.0004,,
5.60E+00,0.002,,
5.61E+00,0.0008,,
5.62E+00,0.002,,
5.62E+00,-0.0008,,
5.63E+00,-0.0012,,
5.64E+00,0.0004,,
5.65E+00,-0.0008,,
5.66E+00,0,,
5.66E+00,0,,
5.67E+00,0.0004,,
5.68E+00,0,,
5.69E+00,0,,
5.70E+00,0.0004,,
5.70E+00,-0.0004,,
5.71E+00,-0.0004,,
5.72E+00,-0.0004,,
5.73E+00,-0.0004,,
5.74E+00,-0.0004,,
5.74E+00,0,,
5.75E+00,0,,
5.76E+00,-0.0008,,
5.77E+00,-0.0004,,
5.78E+00,0,,
5.78E+00,0,,
5.79E+00,-0.0004,,
5.80E+00,0.0004,,
5.81E+00,0.0004,,
5.82E+00,0,,
5.82E+00,-0.0004,,
5.83E+00,0,,
5.84E+00,-0.0004,,
5.85E+00,0.0004,,
5.86E+00,0,,
5.86E+00,-0.0008,,
5.87E+00,-0.0008,,
5.88E+00,-0.0004,,
5.89E+00,-0.0008,,
5.90E+00,-0.0008,,
5.90E+00,-0.0004,,
5.91E+00,0.0004,,
5.92E+00,-0.0008,,
5.93E+00,-0.0004,,
5.94E+00,-0.0004,,
5.94E+00,0.0004,,
5.95E+00,-0.0004,,
5.96E+00,0,,
5.97E+00,0,,
5.98E+00,-0.0004,,
5.98E+00,-0.0008,,
5.99E+00,0,,
6.00E+00,0,,
6.01E+00,-0.0004,,
6.02E+00,0,,
6.02E+00,-0.0012,,
6.03E+00,-0.0004,,
6.04E+00,-0.0004,,
6.05E+00,0,,
6.06E+00,0.0004,,
6.06E+00,0,,
6.07E+00,-0.0016,,
6.08E+00,-0.0004,,
6.09E+00,-0.0008,,
6.10E+00,-0.0004,,
6.10E+00,0.0004,,
6.11E+00,0.0004,,
6.12E+00,-0.0004,,
6.13E+00,-0.0008,,
6.14E+00,0.0004,,
6.14E+00,-0.0004,,
6.15E+00,0,,
6.16E+00,-0.0004,,
6.17E+00,-0.0004,,
6.18E+00,0,,
6.18E+00,-0.0004,,
6.19E+00,0.0004,,
6.20E+00,0,,
6.21E+00,-0.0004,,
6.22E+00,-0.0008,,
6.22E+00,-0.0004,,
6.23E+00,-0.0012,,
6.24E+00,-0.0004,,
6.25E+00,-0.0008,,
6.26E+00,0,,
6.26E+00,-0.002,,
6.27E+00,-0.0004,,
6.28E+00,-0.0004,,
6.29E+00,-0.0004,,
6.30E+00,-0.0004,,
6.30E+00,-0.0008,,
6.31E+00,0.0008,,
6.32E+00,-0.0008,,
6.33E+00,0.0004,,
6.34E+00,-0.0008,,
6.34E+00,-0.0008,,
6.35E+00,0.0004,,
6.36E+00,0,,
6.37E+00,-0.0012,,
6.38E+00,0.0004,,
6.38E+00,-0.0008,,
6.39E+00,-0.0004,,
6.40E+00,-0.0004,,
6.41E+00,-0.0004,,
6.42E+00,0,,
6.42E+00,-0.0008,,
6.43E+00,0,,
6.44E+00,-0.0004,,
6.45E+00,-0.0004,,
6.46E+00,0.0008,,
6.46E+00,-0.0016,,
6.47E+00,0,,
6.48E+00,-0.0004,,
6.49E+00,-0.0004,,
6.50E+00,-0.0008,,
6.50E+00,-0.0008,,
6.51E+00,-0.0004,,
6.52E+00,-0.0008,,
6.53E+00,-0.0008,,
6.54E+00,-0.0004,,
6.54E+00,-0.0008,,
6.55E+00,-0.0004,,
6.56E+00,0,,
6.57E+00,0,,
6.58E+00,0.0008,,
6.58E+00,0,,
6.59E+00,0,,
6.60E+00,0.0004,,
6.61E+00,-0.0008,,
6.62E+00,-0.0004,,
6.62E+00,-0.0004,,
6.63E+00,0.0004,,
6.64E+00,-0.0004,,
6.65E+00,-0.0004,,
6.66E+00,0,,
6.66E+00,0,,
6.67E+00,-0.0008,,
6.68E+00,-0.0004,,
6.69E+00,-0.0008,,
6.70E+00,0.0004,,
6.70E+00,0.0004,,
6.71E+00,-0.0012,,
6.72E+00,0.0004,,
6.73E+00,0.004,,
6.74E+00,0.0028,,
6.74E+00,-0.0004,,
6.75E+00,0,,
6.76E+00,0,,
6.77E+00,-0.0004,,
6.78E+00,-0.0004,,
6.78E+00,0.0004,,
6.79E+00,0,,
6.80E+00,0,,
6.81E+00,0,,
6.82E+00,-0.0004,,
6.82E+00,-0.0008,,
6.83E+00,0,,
6.84E+00,0,,
6.85E+00,-0.0004,,
6.86E+00,0.0008,,
6.86E+00,0,,
6.87E+00,-0.0004,,
6.88E+00,-0.0008,,
6.89E+00,-0.0004,,
6.90E+00,0.0004,,
6.90E+00,0,,
6.91E+00,-0.0008,,
6.92E+00,0,,
6.93E+00,-0.0008,,
6.94E+00,0,,
6.94E+00,0.0008,,
6.95E+00,-0.0008,,
6.96E+00,0.0004,,
6.97E+00,-0.0004,,
6.98E+00,0.0004,,
6.98E+00,-0.0004,,
6.99E+00,-0.0004,,
7.00E+00,0.0008,,
7.01E+00,-0.0012,,
7.02E+00,0,,
7.02E+00,0.0004,,
7.03E+00,-0.0004,,
7.04E+00,-0.0008,,
7.05E+00,-0.0008,,
7.06E+00,0.0004,,
7.06E+00,0,,
7.07E+00,-0.0008,,
7.08E+00,0.0004,,
7.09E+00,-0.0016,,
7.10E+00,-0.0008,,
7.10E+00,-0.0004,,
7.11E+00,0,,
7.12E+00,-0.0004,,
7.13E+00,0.0004,,
7.14E+00,-0.0004,,
7.14E+00,0,,
7.15E+00,-0.0004,,
7.16E+00,0,,
7.17E+00,-0.0004,,
7.18E+00,-0.0016,,
7.18E+00,-0.0004,,
7.19E+00,-0.0008,,
7.20E+00,-0.0004,,
7.21E+00,0,,
7.22E+00,-0.0008,,
7.22E+00,0.0008,,
7.23E+00,-0.0004,,
7.24E+00,-0.0008,,
7.25E+00,-0.0016,,
7.26E+00,-0.0004,,
7.26E+00,0.0004,,
7.27E+00,0.0004,,
7.28E+00,0.0004,,
7.29E+00,0.0004,,
7.30E+00,0,,
7.30E+00,-0.0004,,
7.31E+00,-0.0008,,
7.32E+00,0,,
7.33E+00,0.0004,,
7.34E+00,-0.0008,,
7.34E+00,-0.0004,,
7.35E+00,0,,
7.36E+00,-0.0008,,
7.37E+00,-0.0008,,
7.38E+00,-0.0004,,
7.38E+00,0.0004,,
7.39E+00,0.0004,,
7.40E+00,-0.0008,,
7.41E+00,-0.0008,,
7.42E+00,-0.0004,,
7.42E+00,-0.0004,,
7.43E+00,-0.0004,,
7.44E+00,0.0004,,
7.45E+00,0.0008,,
7.46E+00,-0.0004,,
7.46E+00,0.0004,,
7.47E+00,0.0004,,
7.48E+00,-0.0008,,
7.49E+00,0,,
7.50E+00,0,,
7.50E+00,0,,
7.51E+00,-0.0012,,
7.52E+00,0,,
7.53E+00,-0.0004,,
7.54E+00,0.0004,,
7.54E+00,0,,
7.55E+00,-0.0004,,
7.56E+00,-0.0012,,
7.57E+00,-0.0004,,
7.58E+00,-0.0004,,
7.58E+00,0.0004,,
7.59E+00,-0.0008,,
7.60E+00,-0.0012,,
7.61E+00,0.0004,,
7.62E+00,-0.0008,,
7.62E+00,-0.0008,,
7.63E+00,0.0004,,
7.64E+00,-0.0004,,
7.65E+00,0,,
7.66E+00,0,,
7.66E+00,0,,
7.67E+00,-0.0008,,
7.68E+00,0,,
7.69E+00,-0.0004,,
7.70E+00,-0.0008,,
7.70E+00,-0.0012,,
7.71E+00,-0.0008,,
7.72E+00,-0.0004,,
7.73E+00,0.0008,,
7.74E+00,0,,
7.74E+00,-0.0008,,
7.75E+00,0,,
7.76E+00,-0.0004,,
7.77E+00,-0.0004,,
7.78E+00,-0.0004,,
7.78E+00,0,,
7.79E+00,-0.0004,,
7.80E+00,-0.0012,,
7.81E+00,-0.0004,,
7.82E+00,-0.0008,,
7.82E+00,0,,
7.83E+00,-0.0012,,
7.84E+00,-0.0004,,
7.85E+00,-0.0004,,
7.86E+00,0,,
7.86E+00,-0.0008,,
7.87E+00,0.0004,,
7.88E+00,-0.0004,,
7.89E+00,0.0004,,
7.90E+00,-0.0008,,
7.90E+00,-0.0004,,
7.91E+00,0.0004,,
7.92E+00,0.0004,,
7.93E+00,-0.0004,,
7.94E+00,0.0004,,
7.94E+00,-0.0008,,
7.95E+00,0,,
7.96E+00,0.0004,,
7.97E+00,-0.0008,,
7.98E+00,-0.0004,,
7.98E+00,0,,
7.99E+00,0,,